Time (ms),Lower,LowerPwr,Upper,UpperPwr,Thought,ThoughtPwr,Blink,LWink,RWink,LLook,RLook,GyroX,GyroY
238301058,,,,,,,,,,,,0,0
238301058,,,,,,,,,,,,0,0
238301058,,,,,,,,,,,,0,0
238301058,,,,,,,,,,,,0,0
238301058,,,,,,,,,,,,0,0
238301074,,,,,,,,,,,,0,0
238301074,,,,,,,,,,,,0,0
238301074,,,,,,,,,,,,0,0
238301074,,,,,,,,,,,,0,0
238301074,,,,,,,,,,,,0,0
238301074,,,,,,,,,,,,0,0
238301074,,,,,,,,,,,,0,0
238301074,,,,,,,,,,,,0,0
238301074,,,,,,,,,,,,0,0
238301074,,,,,,,,,,,,0,0
238301074,,,,,,,,,,,,0,0
238301074,,,,,,,,,,,,0,0
238301074,,,,,,,,,,,,0,0
238301074,,,,,,,,,,,,0,0
238301074,,,,,,,,,,,,0,0
238301074,,,,,,,,,,,,0,0
238301090,,,,,,,,,,,,0,0
238301090,,,,,,,,,,,,0,0
238301090,,,,,,,,,,,,0,0
238301090,,,,,,,,,,,,0,0
238301090,,,,,,,,,,,,0,0
238301090,,,,,,,,,,,,0,0
238301090,,,,,,,,,,,,0,0
238301090,,,,,,,,,,,,0,0
238301090,,,,,,,,,,,,0,0
238301090,,,,,,,,,,,,0,0
238301090,,,,,,,,,,,,0,0
238301090,,,,,,,,,,,,0,0
238301090,,,,,,,,,,,,0,0
238301090,,,,,,,,,,,,0,0
238301105,,,,,,,,,,,,0,0
238301105,,,,,,,,,,,,0,0
238301105,,,,,,,,,,,,0,0
238301105,,,,,,,,,,,,0,0
238301105,,,,,,,,,,,,0,0
238301105,,,,,,,,,,,,0,0
238301105,,,,,,,,,,,,0,0
238301105,,,,,,,,,,,,0,0
238301105,,,,,,,,,,,,0,0
238301105,,,,,,,,,,,,0,0
238301105,,,,,,,,,,,,0,0
238301105,,,,,,,,,,,,0,0
238301105,,,,,,,,,,,,0,0
238301105,,,,,,,,,,,,0,0
238301105,,,,,,,,,,,,0,0
238301105,,,,,,,,,,,,0,0
238301121,,,,,,,,,,,,0,0
238301121,,,,,,,,,,,,0,0
238301121,,,,,,,,,,,,0,0
238301121,,,,,,,,,,,,0,0
238301121,,,,,,,,,,,,0,0
238301121,,,,,,,,,,,,0,0
238301121,,,,,,,,,,,,0,0
238301121,,,,,,,,,,,,0,0
238301121,,,,,,,,,,,,0,0
238301121,,,,,,,,,,,,0,0
238301121,,,,,,,,,,,,0,0
238301121,,,,,,,,,,,,0,0
238301121,,,,,,,,,,,,0,0
238301121,,,,,,,,,,,,0,0
238301121,,,,,,,,,,,,0,0
238301136,,,,,,,,,,,,0,0
238301136,,,,,,,,,,,,0,0
238301136,,,,,,,,,,,,0,0
238301136,,,,,,,,,,,,0,0
238301136,,,,,,,,,,,,0,0
238301136,,,,,,,,,,,,0,0
238301136,,,,,,,,,,,,0,0
238301136,,,,,,,,,,,,0,0
238301136,,,,,,,,,,,,0,0
238301136,,,,,,,,,,,,0,0
238301136,,,,,,,,,,,,0,0
238301136,,,,,,,,,,,,0,0
238301136,,,,,,,,,,,,0,0
238301136,,,,,,,,,,,,0,0
238301136,,,,,,,,,,,,0,0
238301152,,,,,,,,,,,,0,0
238301152,,,,,,,,,,,,0,0
238301152,,,,,,,,,,,,0,0
238301152,,,,,,,,,,,,0,0
238301152,,,,,,,,,,,,0,0
238301152,,,,,,,,,,,,0,0
238301152,,,,,,,,,,,,0,0
238301152,,,,,,,,,,,,0,0
238301152,,,,,,,,,,,,0,0
238301152,,,,,,,,,,,,0,0
238301152,,,,,,,,,,,,0,0
238301152,,,,,,,,,,,,0,0
238301152,,,,,,,,,,,,0,0
238301152,,,,,,,,,,,,0,0
238301152,,,,,,,,,,,,0,0
238301168,,,,,,,,,,,,0,0
238301168,,,,,,,,,,,,0,0
238301168,,,,,,,,,,,,0,0
238301168,,,,,,,,,,,,0,0
238301168,,,,,,,,,,,,0,0
238301168,,,,,,,,,,,,0,0
238301168,,,,,,,,,,,,0,0
238301168,,,,,,,,,,,,0,0
238301168,,,,,,,,,,,,0,0
238301168,,,,,,,,,,,,0,0
238301168,,,,,,,,,,,,0,0
238301168,,,,,,,,,,,,0,0
238301168,,,,,,,,,,,,0,0
238301168,,,,,,,,,,,,0,0
238301168,,,,,,,,,,,,0,0
238301183,,,,,,,,,,,,0,0
238301183,,,,,,,,,,,,0,0
238301183,,,,,,,,,,,,0,0
238301183,,,,,,,,,,,,0,0
238301183,,,,,,,,,,,,0,0
238301183,,,,,,,,,,,,0,0
238301183,,,,,,,,,,,,0,0
238301183,,,,,,,,,,,,0,0
238301183,,,,,,,,,,,,0,0
238301183,,,,,,,,,,,,0,0
238301183,,,,,,,,,,,,0,0
238301183,,,,,,,,,,,,0,0
238301183,,,,,,,,,,,,0,0
238301183,,,,,,,,,,,,0,0
238301183,,,,,,,,,,,,0,0
238301183,,,,,,,,,,,,0,0
238301199,,,,,,,,,,,,0,0
238301199,,,,,,,,,,,,0,0
238301199,,,,,,,,,,,,0,0
238301199,,,,,,,,,,,,0,0
238301199,,,,,,,,,,,,0,0
238301199,,,,,,,,,,,,0,0
238301199,,,,,,,,,,,,0,0
238301199,,,,,,,,,,,,0,0
238301199,,,,,,,,,,,,0,0
238301199,,,,,,,,,,,,0,0
238301199,,,,,,,,,,,,0,0
238301199,,,,,,,,,,,,0,0
238301199,,,,,,,,,,,,0,0
238301199,,,,,,,,,,,,0,0
238301199,,,,,,,,,,,,0,0
238301214,,,,,,,,,,,,0,0
238301214,,,,,,,,,,,,0,0
238301214,,,,,,,,,,,,0,0
238301214,,,,,,,,,,,,0,0
238301214,,,,,,,,,,,,0,0
238301214,,,,,,,,,,,,0,0
238301214,,,,,,,,,,,,0,0
238301214,,,,,,,,,,,,0,0
238301214,,,,,,,,,,,,0,0
238301214,,,,,,,,,,,,0,0
238301214,,,,,,,,,,,,0,0
238301214,,,,,,,,,,,,0,0
238301214,,,,,,,,,,,,0,0
238301214,,,,,,,,,,,,0,0
238301214,,,,,,,,,,,,0,0
238301214,,,,,,,,,,,,0,0
238301230,,,,,,,,,,,,0,0
238301230,,,,,,,,,,,,0,0
238301230,,,,,,,,,,,,0,0
238301230,,,,,,,,,,,,0,0
238301230,,,,,,,,,,,,0,0
238301230,,,,,,,,,,,,0,0
238301230,,,,,,,,,,,,0,0
238301230,,,,,,,,,,,,0,0
238301230,,,,,,,,,,,,0,0
238301230,,,,,,,,,,,,0,0
238301230,,,,,,,,,,,,0,0
238301230,,,,,,,,,,,,0,0
238301230,,,,,,,,,,,,0,0
238301230,,,,,,,,,,,,0,0
238301230,,,,,,,,,,,,0,0
238301246,,,,,,,,,,,,0,0
238301246,,,,,,,,,,,,0,0
238301246,,,,,,,,,,,,0,0
238301246,,,,,,,,,,,,0,0
238301246,,,,,,,,,,,,0,0
238301246,,,,,,,,,,,,0,0
238301246,,,,,,,,,,,,0,0
238301246,,,,,,,,,,,,0,0
238301261,,,,,,,,,,,,0,0
238301261,,,,,,,,,,,,0,0
238301261,,,,,,,,,,,,0,0
238301261,,,,,,,,,,,,0,0
238301261,,,,,,,,,,,,0,0
238301261,,,,,,,,,,,,0,0
238301261,,,,,,,,,,,,0,0
238301261,,,,,,,,,,,,0,0
238301261,,,,,,,,,,,,0,0
238301261,,,,,,,,,,,,0,0
238301261,,,,,,,,,,,,0,0
238301261,,,,,,,,,,,,0,0
238301261,,,,,,,,,,,,0,0
238301261,,,,,,,,,,,,0,0
238301261,,,,,,,,,,,,0,0
238301261,,,,,,,,,,,,0,0
238301277,,,,,,,,,,,,0,0
238301277,,,,,,,,,,,,0,0
238301277,,,,,,,,,,,,0,0
238301277,,,,,,,,,,,,0,0
238301277,,,,,,,,,,,,0,0
238301277,,,,,,,,,,,,0,0
238301277,,,,,,,,,,,,0,0
238301277,,,,,,,,,,,,0,0
238301277,,,,,,,,,,,,0,0
238301277,,,,,,,,,,,,0,0
238301277,,,,,,,,,,,,0,0
238301277,,,,,,,,,,,,0,0
238301277,,,,,,,,,,,,0,0
238301277,,,,,,,,,,,,0,0
238301277,,,,,,,,,,,,0,0
238301292,,,,,,,,,,,,0,0
238301292,,,,,,,,,,,,0,0
238301292,,,,,,,,,,,,0,0
238301292,,,,,,,,,,,,0,0
238301292,,,,,,,,,,,,0,0
238301292,,,,,,,,,,,,0,0
238301292,,,,,,,,,,,,0,0
238301292,,,,,,,,,,,,0,0
238301292,,,,,,,,,,,,0,0
238301292,,,,,,,,,,,,0,0
238301292,,,,,,,,,,,,0,0
238301292,,,,,,,,,,,,0,0
238301292,,,,,,,,,,,,0,0
238301292,,,,,,,,,,,,0,0
238301292,,,,,,,,,,,,0,0
238301308,,,,,,,,,,,,0,0
238301308,,,,,,,,,,,,0,0
238301308,,,,,,,,,,,,0,0
238301308,,,,,,,,,,,,0,0
238301308,,,,,,,,,,,,0,0
238301308,,,,,,,,,,,,0,0
238301308,,,,,,,,,,,,0,0
238301308,,,,,,,,,,,,0,0
238301308,,,,,,,,,,,,0,0
238301308,,,,,,,,,,,,0,0
238301308,,,,,,,,,,,,0,0
238301308,,,,,,,,,,,,0,0
238301308,,,,,,,,,,,,0,0
238301308,,,,,,,,,,,,0,0
238301308,,,,,,,,,,,,0,0
238301308,,,,,,,,,,,,0,0
238301324,,,,,,,,,,,,0,0
238301324,,,,,,,,,,,,0,0
238301324,,,,,,,,,,,,0,0
238301324,,,,,,,,,,,,0,0
238301324,,,,,,,,,,,,0,0
238301324,,,,,,,,,,,,0,0
238301324,,,,,,,,,,,,0,0
238301324,,,,,,,,,,,,0,0
238301324,,,,,,,,,,,,0,0
238301324,,,,,,,,,,,,0,0
238301324,,,,,,,,,,,,0,0
238301324,,,,,,,,,,,,0,0
238301324,,,,,,,,,,,,0,0
238301324,,,,,,,,,,,,0,0
238301339,,,,,,,,,,,,0,0
238301339,,,,,,,,,,,,0,0
238301339,,,,,,,,,,,,0,0
238301339,,,,,,,,,,,,0,0
238301339,,,,,,,,,,,,0,0
238301339,,,,,,,,,,,,0,0
238301339,,,,,,,,,,,,0,0
238301339,,,,,,,,,,,,0,0
238301339,,,,,,,,,,,,0,0
238301339,,,,,,,,,,,,0,0
238301339,,,,,,,,,,,,0,0
238301339,,,,,,,,,,,,0,0
238301339,,,,,,,,,,,,0,0
238301339,,,,,,,,,,,,0,0
238301339,,,,,,,,,,,,0,0
238301339,,,,,,,,,,,,0,0
238301355,,,,,,,,,,,,0,0
238301355,,,,,,,,,,,,0,0
238301355,,,,,,,,,,,,0,0
238301355,,,,,,,,,,,,0,0
238301355,,,,,,,,,,,,0,0
238301355,,,,,,,,,,,,0,0
238301355,,,,,,,,,,,,0,0
238301355,,,,,,,,,,,,0,0
238301355,,,,,,,,,,,,0,0
238301355,,,,,,,,,,,,0,0
238301355,,,,,,,,,,,,0,0
238301355,,,,,,,,,,,,0,0
238301355,,,,,,,,,,,,0,0
238301355,,,,,,,,,,,,0,0
238301370,,,,,,,,,,,,0,0
238301370,,,,,,,,,,,,0,0
238301370,,,,,,,,,,,,0,0
238301370,,,,,,,,,,,,0,0
238301370,,,,,,,,,,,,0,0
238301370,,,,,,,,,,,,0,0
238301370,,,,,,,,,,,,0,0
238301370,,,,,,,,,,,,0,0
238301370,,,,,,,,,,,,0,0
238301370,,,,,,,,,,,,0,0
238301370,,,,,,,,,,,,0,0
238301370,,,,,,,,,,,,0,0
238301370,,,,,,,,,,,,0,0
238301370,,,,,,,,,,,,0,0
238301370,,,,,,,,,,,,0,0
238301370,,,,,,,,,,,,0,0
238301386,,,,,,,,,,,,0,0
238301386,,,,,,,,,,,,0,0
238301386,,,,,,,,,,,,0,0
238301386,,,,,,,,,,,,0,0
238301386,,,,,,,,,,,,0,0
238301386,,,,,,,,,,,,0,0
238301386,,,,,,,,,,,,0,0
238301386,,,,,,,,,,,,0,0
238301386,,,,,,,,,,,,0,0
238301386,,,,,,,,,,,,0,0
238301386,,,,,,,,,,,,0,0
238301386,,,,,,,,,,,,0,0
238301386,,,,,,,,,,,,0,0
238301386,,,,,,,,,,,,0,0
238301386,,,,,,,,,,,,0,0
238301402,,,,,,,,,,,,0,0
238301402,,,,,,,,,,,,0,0
238301402,,,,,,,,,,,,0,0
238301402,,,,,,,,,,,,0,0
238301402,,,,,,,,,,,,0,0
238301402,,,,,,,,,,,,0,0
238301402,,,,,,,,,,,,0,0
238301402,,,,,,,,,,,,0,0
238301402,,,,,,,,,,,,0,0
238301402,,,,,,,,,,,,0,0
238301402,,,,,,,,,,,,0,0
238301402,,,,,,,,,,,,0,0
238301402,,,,,,,,,,,,0,0
238301402,,,,,,,,,,,,0,0
238301402,,,,,,,,,,,,0,0
238301417,,,,,,,,,,,,0,0
238301417,,,,,,,,,,,,0,0
238301417,,,,,,,,,,,,0,0
238301417,,,,,,,,,,,,0,0
238301417,,,,,,,,,,,,0,0
238301417,,,,,,,,,,,,0,0
238301417,,,,,,,,,,,,0,0
238301417,,,,,,,,,,,,0,0
238301417,,,,,,,,,,,,0,0
238301417,,,,,,,,,,,,0,0
238301417,,,,,,,,,,,,0,0
238301417,,,,,,,,,,,,0,0
238301417,,,,,,,,,,,,0,0
238301417,,,,,,,,,,,,0,0
238301417,,,,,,,,,,,,0,0
238301417,,,,,,,,,,,,0,0
238301433,,,,,,,,,,,,0,0
238301433,,,,,,,,,,,,0,0
238301433,,,,,,,,,,,,0,0
238301433,,,,,,,,,,,,0,0
238301433,,,,,,,,,,,,0,0
238301433,,,,,,,,,,,,0,0
238301433,,,,,,,,,,,,0,0
238301433,,,,,,,,,,,,0,0
238301433,,,,,,,,,,,,0,0
238301433,,,,,,,,,,,,0,0
238301433,,,,,,,,,,,,0,0
238301433,,,,,,,,,,,,0,0
238301433,,,,,,,,,,,,0,0
238301433,,,,,,,,,,,,0,0
238301433,,,,,,,,,,,,0,0
238301448,,,,,,,,,,,,0,0
238301448,,,,,,,,,,,,0,0
238301448,,,,,,,,,,,,0,0
238301448,,,,,,,,,,,,0,0
238301448,,,,,,,,,,,,0,0
238301448,,,,,,,,,,,,0,0
238301448,,,,,,,,,,,,0,0
238301448,,,,,,,,,,,,0,0
238301448,,,,,,,,,,,,0,0
238301448,,,,,,,,,,,,0,0
238301448,,,,,,,,,,,,0,0
238301448,,,,,,,,,,,,0,0
238301448,,,,,,,,,,,,0,0
238301448,,,,,,,,,,,,0,0
238301448,,,,,,,,,,,,0,0
238301448,,,,,,,,,,,,0,0
238301464,,,,,,,,,,,,0,0
238301464,,,,,,,,,,,,0,0
238301464,,,,,,,,,,,,0,0
238301464,,,,,,,,,,,,0,0
238301464,,,,,,,,,,,,0,0
238301464,,,,,,,,,,,,0,0
238301464,,,,,,,,,,,,0,0
238301464,,,,,,,,,,,,0,0
238301464,,,,,,,,,,,,0,0
238301464,,,,,,,,,,,,0,0
238301464,,,,,,,,,,,,0,0
238301464,,,,,,,,,,,,0,0
238301464,,,,,,,,,,,,0,0
238301464,,,,,,,,,,,,0,0
238301464,,,,,,,,,,,,0,0
238301464,,,,,,,,,,,,0,0
238301480,,,,,,,,,,,,0,0
238301480,,,,,,,,,,,,0,0
238301480,,,,,,,,,,,,0,0
238301480,,,,,,,,,,,,0,0
238301480,,,,,,,,,,,,0,0
238301480,,,,,,,,,,,,0,0
238301480,,,,,,,,,,,,0,0
238301480,,,,,,,,,,,,0,0
238301480,,,,,,,,,,,,0,0
238301480,,,,,,,,,,,,0,0
238301480,,,,,,,,,,,,0,0
238301480,,,,,,,,,,,,0,0
238301480,,,,,,,,,,,,0,0
238301480,,,,,,,,,,,,0,0
238301480,,,,,,,,,,,,0,0
238301495,,,,,,,,,,,,0,0
238301495,,,,,,,,,,,,0,0
238301495,,,,,,,,,,,,0,0
238301495,,,,,,,,,,,,0,0
238301495,,,,,,,,,,,,0,0
238301495,,,,,,,,,,,,0,0
238301495,,,,,,,,,,,,0,0
238301495,,,,,,,,,,,,0,0
238301495,,,,,,,,,,,,0,0
238301495,,,,,,,,,,,,0,0
238301495,,,,,,,,,,,,0,0
238301495,,,,,,,,,,,,0,0
238301495,,,,,,,,,,,,0,0
238301495,,,,,,,,,,,,0,0
238301495,,,,,,,,,,,,0,0
238301495,,,,,,,,,,,,0,0
238301511,,,,,,,,,,,,0,0
238301511,,,,,,,,,,,,0,0
238301511,,,,,,,,,,,,0,0
238301511,,,,,,,,,,,,0,0
238301511,,,,,,,,,,,,0,0
238301511,,,,,,,,,,,,0,0
238301511,,,,,,,,,,,,0,0
238301511,,,,,,,,,,,,0,0
238301511,,,,,,,,,,,,0,0
238301511,,,,,,,,,,,,0,0
238301511,,,,,,,,,,,,0,0
238301511,,,,,,,,,,,,0,0
238301511,,,,,,,,,,,,0,0
238301511,,,,,,,,,,,,0,0
238301511,,,,,,,,,,,,0,0
238301526,,,,,,,,,,,,0,0
238301526,,,,,,,,,,,,0,0
238301526,,,,,,,,,,,,0,0
238301526,,,,,,,,,,,,0,0
238301526,,,,,,,,,,,,0,0
238301526,,,,,,,,,,,,0,0
238301526,,,,,,,,,,,,0,0
238301526,,,,,,,,,,,,0,0
238301526,,,,,,,,,,,,0,0
238301526,,,,,,,,,,,,0,0
238301526,,,,,,,,,,,,0,0
238301526,,,,,,,,,,,,0,0
238301526,,,,,,,,,,,,0,0
238301526,,,,,,,,,,,,0,0
238301526,,,,,,,,,,,,0,0
238301526,,,,,,,,,,,,0,0
238301542,,,,,,,,,,,,0,0
238301542,,,,,,,,,,,,0,0
238301542,,,,,,,,,,,,0,0
238301542,,,,,,,,,,,,0,0
238301542,,,,,,,,,,,,0,0
238301542,,,,,,,,,,,,0,0
238301542,,,,,,,,,,,,0,0
238301542,,,,,,,,,,,,0,0
238301542,,,,,,,,,,,,0,0
238301542,,,,,,,,,,,,0,0
238301542,,,,,,,,,,,,0,0
238301542,,,,,,,,,,,,0,0
238301542,,,,,,,,,,,,0,0
238301542,,,,,,,,,,,,0,0
238301542,,,,,,,,,,,,0,0
238301542,,,,,,,,,,,,0,0
238301558,,,,,,,,,,,,0,0
238301558,,,,,,,,,,,,0,0
238301558,,,,,,,,,,,,0,0
238301558,,,,,,,,,,,,0,0
238301558,,,,,,,,,,,,0,0
238301558,,,,,,,,,,,,0,0
238301558,,,,,,,,,,,,0,0
238301558,,,,,,,,,,,,0,0
238301558,,,,,,,,,,,,0,0
238301558,,,,,,,,,,,,0,0
238301558,,,,,,,,,,,,0,0
238301558,,,,,,,,,,,,0,0
238301558,,,,,,,,,,,,0,0
238301558,,,,,,,,,,,,0,0
238301558,,,,,,,,,,,,0,0
238301573,,,,,,,,,,,,0,0
238301573,,,,,,,,,,,,0,0
238301573,,,,,,,,,,,,0,0
238301573,,,,,,,,,,,,0,0
238301573,,,,,,,,,,,,0,0
238301573,,,,,,,,,,,,0,0
238301573,,,,,,,,,,,,0,0
238301573,,,,,,,,,,,,0,0
238301573,,,,,,,,,,,,0,0
238301573,,,,,,,,,,,,0,0
238301573,,,,,,,,,,,,0,0
238301573,,,,,,,,,,,,0,0
238301573,,,,,,,,,,,,0,0
238301573,,,,,,,,,,,,0,0
238301573,,,,,,,,,,,,0,0
238301573,,,,,,,,,,,,0,0
238301589,,,,,,,,,,,,0,0
238301589,,,,,,,,,,,,0,0
238301589,,,,,,,,,,,,0,0
238301589,,,,,,,,,,,,0,0
238301589,,,,,,,,,,,,0,0
238301589,,,,,,,,,,,,0,0
238301589,,,,,,,,,,,,0,0
238301589,,,,,,,,,,,,0,0
238301589,,,,,,,,,,,,0,0
238301589,,,,,,,,,,,,0,0
238301589,,,,,,,,,,,,0,0
238301589,,,,,,,,,,,,0,0
238301589,,,,,,,,,,,,0,0
238301589,,,,,,,,,,,,0,0
238301589,,,,,,,,,,,,0,0
238301604,,,,,,,,,,,,0,0
238301604,,,,,,,,,,,,0,0
238301604,,,,,,,,,,,,0,0
238301604,,,,,,,,,,,,0,0
238301604,,,,,,,,,,,,0,0
238301604,,,,,,,,,,,,0,0
238301604,,,,,,,,,,,,0,0
238301604,,,,,,,,,,,,0,0
238301604,,,,,,,,,,,,0,0
238301604,,,,,,,,,,,,0,0
238301604,,,,,,,,,,,,0,0
238301604,,,,,,,,,,,,0,0
238301604,,,,,,,,,,,,0,0
238301604,,,,,,,,,,,,0,0
238301604,,,,,,,,,,,,0,0
238301604,,,,,,,,,,,,0,0
238301620,,,,,,,,,,,,0,0
238301620,,,,,,,,,,,,0,0
238301620,,,,,,,,,,,,0,0
238301620,,,,,,,,,,,,0,0
238301620,,,,,,,,,,,,0,0
238301620,,,,,,,,,,,,0,0
238301620,,,,,,,,,,,,0,0
238301620,,,,,,,,,,,,0,0
238301620,,,,,,,,,,,,0,0
238301620,,,,,,,,,,,,0,0
238301620,,,,,,,,,,,,0,0
238301620,,,,,,,,,,,,0,0
238301620,,,,,,,,,,,,0,0
238301620,,,,,,,,,,,,0,0
238301620,,,,,,,,,,,,0,0
238301636,,,,,,,,,,,,0,0
238301636,,,,,,,,,,,,0,0
238301636,,,,,,,,,,,,0,0
238301636,,,,,,,,,,,,0,0
238301636,,,,,,,,,,,,0,0
238301636,,,,,,,,,,,,0,0
238301636,,,,,,,,,,,,0,0
238301636,,,,,,,,,,,,0,0
238301636,,,,,,,,,,,,0,0
238301636,,,,,,,,,,,,0,0
238301636,,,,,,,,,,,,0,0
238301636,,,,,,,,,,,,0,0
238301636,,,,,,,,,,,,0,0
238301636,,,,,,,,,,,,0,0
238301636,,,,,,,,,,,,0,0
238301651,,,,,,,,,,,,0,0
238301651,,,,,,,,,,,,0,0
238301651,,,,,,,,,,,,0,0
238301651,,,,,,,,,,,,0,0
238301651,,,,,,,,,,,,0,0
238301651,,,,,,,,,,,,0,0
238301651,,,,,,,,,,,,0,0
238301651,,,,,,,,,,,,0,0
238301651,,,,,,,,,,,,0,0
238301651,,,,,,,,,,,,0,0
238301651,,,,,,,,,,,,0,0
238301651,,,,,,,,,,,,0,0
238301651,,,,,,,,,,,,0,0
238301651,,,,,,,,,,,,0,0
238301651,,,,,,,,,,,,0,0
238301667,,,,,,,,,,,,0,0
238301667,,,,,,,,,,,,0,0
238301667,,,,,,,,,,,,0,0
238301667,,,,,,,,,,,,0,0
238301667,,,,,,,,,,,,0,0
238301667,,,,,,,,,,,,0,0
238301667,,,,,,,,,,,,0,0
238301667,,,,,,,,,,,,0,0
238301667,,,,,,,,,,,,0,0
238301667,,,,,,,,,,,,0,0
238301667,,,,,,,,,,,,0,0
238301667,,,,,,,,,,,,0,0
238301667,,,,,,,,,,,,0,0
238301667,,,,,,,,,,,,0,0
238301667,,,,,,,,,,,,0,0
238301682,,,,,,,,,,,,0,0
238301682,,,,,,,,,,,,0,0
238301682,,,,,,,,,,,,0,0
238301682,,,,,,,,,,,,0,0
238301682,,,,,,,,,,,,0,0
238301682,,,,,,,,,,,,0,0
238301682,,,,,,,,,,,,0,0
238301682,,,,,,,,,,,,0,0
238301682,,,,,,,,,,,,0,0
238301682,,,,,,,,,,,,0,0
238301682,,,,,,,,,,,,0,0
238301682,,,,,,,,,,,,0,0
238301682,,,,,,,,,,,,0,0
238301682,,,,,,,,,,,,0,0
238301682,,,,,,,,,,,,0,0
238301682,,,,,,,,,,,,0,0
238301698,,,,,,,,,,,,0,0
238301698,,,,,,,,,,,,0,0
238301698,,,,,,,,,,,,0,0
238301698,,,,,,,,,,,,0,0
238301698,,,,,,,,,,,,0,0
238301698,,,,,,,,,,,,0,0
238301698,,,,,,,,,,,,0,0
238301698,,,,,,,,,,,,0,0
238301698,,,,,,,,,,,,0,0
238301698,,,,,,,,,,,,0,0
238301698,,,,,,,,,,,,0,0
238301698,,,,,,,,,,,,0,0
238301698,,,,,,,,,,,,0,0
238301698,,,,,,,,,,,,0,0
238301698,,,,,,,,,,,,0,0
238301698,,,,,,,,,,,,0,0
238301714,,,,,,,,,,,,0,0
238301714,,,,,,,,,,,,0,0
238301714,,,,,,,,,,,,0,0
238301714,,,,,,,,,,,,0,0
238301714,,,,,,,,,,,,0,0
238301714,,,,,,,,,,,,0,0
238301714,,,,,,,,,,,,0,0
238301714,,,,,,,,,,,,0,0
238301714,,,,,,,,,,,,0,0
238301714,,,,,,,,,,,,0,0
238301714,,,,,,,,,,,,0,0
238301714,,,,,,,,,,,,0,0
238301714,,,,,,,,,,,,0,0
238301714,,,,,,,,,,,,0,0
238301714,,,,,,,,,,,,0,0
238301729,,,,,,,,,,,,0,0
238301729,,,,,,,,,,,,0,0
238301729,,,,,,,,,,,,0,0
238301729,,,,,,,,,,,,0,0
238301729,,,,,,,,,,,,0,0
238301729,,,,,,,,,,,,0,0
238301729,,,,,,,,,,,,0,0
238301729,,,,,,,,,,,,0,0
238301729,,,,,,,,,,,,0,0
238301729,,,,,,,,,,,,0,0
238301729,,,,,,,,,,,,0,0
238301745,,,,,,,,,,,,0,0
238301745,,,,,,,,,,,,0,0
238301745,,,,,,,,,,,,0,0
238301745,,,,,,,,,,,,0,0
238301745,,,,,,,,,,,,0,0
238301745,,,,,,,,,,,,0,0
238301745,,,,,,,,,,,,0,0
238301745,,,,,,,,,,,,0,0
238301745,,,,,,,,,,,,0,0
238301745,,,,,,,,,,,,0,0
238301745,,,,,,,,,,,,0,0
238301745,,,,,,,,,,,,0,0
238301745,,,,,,,,,,,,0,0
238301745,,,,,,,,,,,,0,0
238301745,,,,,,,,,,,,0,0
238301760,,,,,,,,,,,,0,0
238301760,,,,,,,,,,,,0,0
238301760,,,,,,,,,,,,0,0
238301760,,,,,,,,,,,,0,0
238301760,,,,,,,,,,,,0,0
238301760,,,,,,,,,,,,0,0
238301760,,,,,,,,,,,,0,0
238301760,,,,,,,,,,,,0,0
238301760,,,,,,,,,,,,0,0
238301760,,,,,,,,,,,,0,0
238301760,,,,,,,,,,,,0,0
238301760,,,,,,,,,,,,0,0
238301760,,,,,,,,,,,,0,0
238301760,,,,,,,,,,,,0,0
238301760,,,,,,,,,,,,0,0
238301760,,,,,,,,,,,,0,0
238301776,,,,,,,,,,,,0,0
238301776,,,,,,,,,,,,0,0
238301776,,,,,,,,,,,,0,0
238301776,,,,,,,,,,,,0,0
238301776,,,,,,,,,,,,0,0
238301776,,,,,,,,,,,,0,0
238301776,,,,,,,,,,,,0,0
238301776,,,,,,,,,,,,0,0
238301776,,,,,,,,,,,,0,0
238301776,,,,,,,,,,,,0,0
238301776,,,,,,,,,,,,0,0
238301776,,,,,,,,,,,,0,0
238301776,,,,,,,,,,,,0,0
238301776,,,,,,,,,,,,0,0
238301776,,,,,,,,,,,,0,0
238301776,,,,,,,,,,,,0,0
238301792,,,,,,,,,,,,0,0
238301792,,,,,,,,,,,,0,0
238301792,,,,,,,,,,,,0,0
238301792,,,,,,,,,,,,0,0
238301792,,,,,,,,,,,,0,0
238301792,,,,,,,,,,,,0,0
238301792,,,,,,,,,,,,0,0
238301792,,,,,,,,,,,,0,0
238301792,,,,,,,,,,,,0,0
238301792,,,,,,,,,,,,0,0
238301792,,,,,,,,,,,,0,0
238301792,,,,,,,,,,,,0,0
238301792,,,,,,,,,,,,0,0
238301792,,,,,,,,,,,,0,0
238301792,,,,,,,,,,,,0,0
238301807,,,,,,,,,,,,0,0
238301807,,,,,,,,,,,,0,0
238301807,,,,,,,,,,,,0,0
238301807,,,,,,,,,,,,0,0
238301807,,,,,,,,,,,,0,0
238301807,,,,,,,,,,,,0,0
238301807,,,,,,,,,,,,0,0
238301807,,,,,,,,,,,,0,0
238301807,,,,,,,,,,,,0,0
238301807,,,,,,,,,,,,0,0
238301807,,,,,,,,,,,,0,0
238301807,,,,,,,,,,,,0,0
238301807,,,,,,,,,,,,0,0
238301807,,,,,,,,,,,,0,0
238301807,,,,,,,,,,,,0,0
238301807,,,,,,,,,,,,0,0
238301823,,,,,,,,,,,,0,0
238301823,,,,,,,,,,,,0,0
238301823,,,,,,,,,,,,0,0
238301823,,,,,,,,,,,,0,0
238301823,,,,,,,,,,,,0,0
238301823,,,,,,,,,,,,0,0
238301823,,,,,,,,,,,,0,0
238301823,,,,,,,,,,,,0,0
238301823,,,,,,,,,,,,0,0
238301823,,,,,,,,,,,,0,0
238301823,,,,,,,,,,,,0,0
238301823,,,,,,,,,,,,0,0
238301823,,,,,,,,,,,,0,0
238301823,,,,,,,,,,,,0,0
238301838,,,,,,,,,,,,0,0
238301838,,,,,,,,,,,,0,0
238301838,,,,,,,,,,,,0,0
238301838,,,,,,,,,,,,0,0
238301838,,,,,,,,,,,,0,0
238301838,,,,,,,,,,,,0,0
238301838,,,,,,,,,,,,0,0
238301838,,,,,,,,,,,,0,0
238301838,,,,,,,,,,,,0,0
238301838,,,,,,,,,,,,0,0
238301838,,,,,,,,,,,,0,0
238301838,,,,,,,,,,,,0,0
238301838,,,,,,,,,,,,0,0
238301838,,,,,,,,,,,,0,0
238301838,,,,,,,,,,,,0,0
238301838,,,,,,,,,,,,0,0
238301854,,,,,,,,,,,,0,0
238301854,,,,,,,,,,,,0,0
238301854,,,,,,,,,,,,0,0
238301854,,,,,,,,,,,,0,0
238301854,,,,,,,,,,,,0,0
238301854,,,,,,,,,,,,0,0
238301854,,,,,,,,,,,,0,0
238301854,,,,,,,,,,,,0,0
238301854,,,,,,,,,,,,0,0
238301854,,,,,,,,,,,,0,0
238301854,,,,,,,,,,,,0,0
238301854,,,,,,,,,,,,0,0
238301854,,,,,,,,,,,,0,0
238301854,,,,,,,,,,,,0,0
238301854,,,,,,,,,,,,0,0
238301854,,,,,,,,,,,,0,0
238301870,,,,,,,,,,,,0,0
238301870,,,,,,,,,,,,0,0
238301870,,,,,,,,,,,,0,0
238301870,,,,,,,,,,,,0,0
238301870,,,,,,,,,,,,0,0
238301870,,,,,,,,,,,,0,0
238301870,,,,,,,,,,,,0,0
238301870,,,,,,,,,,,,0,0
238301870,,,,,,,,,,,,0,0
238301870,,,,,,,,,,,,0,0
238301870,,,,,,,,,,,,0,0
238301870,,,,,,,,,,,,0,0
238301870,,,,,,,,,,,,0,0
238301870,,,,,,,,,,,,0,0
238301870,,,,,,,,,,,,0,0
238301885,,,,,,,,,,,,0,0
238301885,,,,,,,,,,,,0,0
238301885,,,,,,,,,,,,0,0
238301885,,,,,,,,,,,,0,0
238301885,,,,,,,,,,,,0,0
238301885,,,,,,,,,,,,0,0
238301885,,,,,,,,,,,,0,0
238301885,,,,,,,,,,,,0,0
238301885,,,,,,,,,,,,0,0
238301885,,,,,,,,,,,,0,0
238301885,,,,,,,,,,,,0,0
238301885,,,,,,,,,,,,0,0
238301885,,,,,,,,,,,,0,0
238301885,,,,,,,,,,,,0,0
238301885,,,,,,,,,,,,0,0
238301885,,,,,,,,,,,,0,0
238301901,,,,,,,,,,,,0,0
238301901,,,,,,,,,,,,0,0
238301901,,,,,,,,,,,,0,0
238301901,,,,,,,,,,,,0,0
238301901,,,,,,,,,,,,0,0
238301901,,,,,,,,,,,,0,0
238301901,,,,,,,,,,,,0,0
238301901,,,,,,,,,,,,0,0
238301901,,,,,,,,,,,,0,0
238301901,,,,,,,,,,,,0,0
238301901,,,,,,,,,,,,0,0
238301901,,,,,,,,,,,,0,0
238301901,,,,,,,,,,,,0,0
238301901,,,,,,,,,,,,0,0
238301901,,,,,,,,,,,,0,0
238301916,,,,,,,,,,,,0,0
238301916,,,,,,,,,,,,0,0
238301916,,,,,,,,,,,,0,0
238301916,,,,,,,,,,,,0,0
238301916,,,,,,,,,,,,0,0
238301916,,,,,,,,,,,,0,0
238301916,,,,,,,,,,,,0,0
238301916,,,,,,,,,,,,0,0
238301916,,,,,,,,,,,,0,0
238301916,,,,,,,,,,,,0,0
238301916,,,,,,,,,,,,0,0
238301916,,,,,,,,,,,,0,0
238301916,,,,,,,,,,,,0,0
238301916,,,,,,,,,,,,0,0
238301916,,,,,,,,,,,,0,0
238301916,,,,,,,,,,,,0,0
238301932,,,,,,,,,,,,0,0
238301932,,,,,,,,,,,,0,0
238301932,,,,,,,,,,,,0,0
238301932,,,,,,,,,,,,0,0
238301932,,,,,,,,,,,,0,0
238301932,,,,,,,,,,,,0,0
238301932,,,,,,,,,,,,0,0
238301932,,,,,,,,,,,,0,0
238301932,,,,,,,,,,,,0,0
238301932,,,,,,,,,,,,0,0
238301932,,,,,,,,,,,,0,0
238301932,,,,,,,,,,,,0,0
238301932,,,,,,,,,,,,0,0
238301932,,,,,,,,,,,,0,0
238301932,,,,,,,,,,,,0,0
238301932,,,,,,,,,,,,0,0
238301948,,,,,,,,,,,,0,0
238301948,,,,,,,,,,,,0,0
238301948,,,,,,,,,,,,0,0
238301948,,,,,,,,,,,,0,0
238301948,,,,,,,,,,,,0,0
238301948,,,,,,,,,,,,0,0
238301948,,,,,,,,,,,,0,0
238301948,,,,,,,,,,,,0,0
238301948,,,,,,,,,,,,0,0
238301948,,,,,,,,,,,,0,0
238301948,,,,,,,,,,,,0,0
238301948,,,,,,,,,,,,0,0
238301948,,,,,,,,,,,,0,0
238301948,,,,,,,,,,,,0,0
238301948,,,,,,,,,,,,0,0
238301963,,,,,,,,,,,,0,0
238301963,,,,,,,,,,,,0,0
238301963,,,,,,,,,,,,0,0
238301963,,,,,,,,,,,,0,0
238301963,,,,,,,,,,,,0,0
238301963,,,,,,,,,,,,0,0
238301963,,,,,,,,,,,,0,0
238301963,,,,,,,,,,,,0,0
238301963,,,,,,,,,,,,0,0
238301963,,,,,,,,,,,,0,0
238301963,,,,,,,,,,,,0,0
238301963,,,,,,,,,,,,0,0
238301963,,,,,,,,,,,,0,0
238301963,,,,,,,,,,,,0,0
238301963,,,,,,,,,,,,0,0
238301963,,,,,,,,,,,,0,0
238301979,,,,,,,,,,,,0,0
238301979,,,,,,,,,,,,0,0
238301979,,,,,,,,,,,,0,0
238301979,,,,,,,,,,,,0,0
238301979,,,,,,,,,,,,0,0
238301979,,,,,,,,,,,,0,0
238301979,,,,,,,,,,,,0,0
238301979,,,,,,,,,,,,0,0
238301979,,,,,,,,,,,,0,0
238301979,,,,,,,,,,,,0,0
238301979,,,,,,,,,,,,0,0
238301979,,,,,,,,,,,,0,0
238301979,,,,,,,,,,,,0,0
238301979,,,,,,,,,,,,0,0
238301994,,,,,,,,,,,,0,0
238301994,,,,,,,,,,,,0,0
238301994,,,,,,,,,,,,0,0
238301994,,,,,,,,,,,,0,0
238301994,,,,,,,,,,,,0,0
238301994,,,,,,,,,,,,0,0
238301994,,,,,,,,,,,,0,0
238301994,,,,,,,,,,,,0,0
238301994,,,,,,,,,,,,0,0
238301994,,,,,,,,,,,,0,0
238301994,,,,,,,,,,,,0,0
238302010,,,,,,,,,,,,0,0
238302010,,,,,,,,,,,,0,0
238302010,,,,,,,,,,,,0,0
238302010,,,,,,,,,,,,0,0
238302010,,,,,,,,,,,,0,0
238302010,,,,,,,,,,,,0,0
238302010,,,,,,,,,,,,0,0
238302010,,,,,,,,,,,,0,0
238302010,,,,,,,,,,,,0,0
238302010,,,,,,,,,,,,0,0
238302010,,,,,,,,,,,,0,0
238302010,,,,,,,,,,,,0,0
238302010,,,,,,,,,,,,0,0
238302010,,,,,,,,,,,,0,0
238302010,,,,,,,,,,,,0,0
238302010,,,,,,,,,,,,0,0
238302026,,,,,,,,,,,,0,0
238302026,,,,,,,,,,,,0,0
238302026,,,,,,,,,,,,0,0
238302026,,,,,,,,,,,,0,0
238302026,,,,,,,,,,,,0,0
238302026,,,,,,,,,,,,0,0
238302026,,,,,,,,,,,,0,0
238302026,,,,,,,,,,,,0,0
238302026,,,,,,,,,,,,0,0
238302026,,,,,,,,,,,,0,0
238302026,,,,,,,,,,,,0,0
238302026,,,,,,,,,,,,0,0
238302026,,,,,,,,,,,,0,0
238302026,,,,,,,,,,,,0,0
238302026,,,,,,,,,,,,0,0
238302041,,,,,,,,,,,,0,0
238302041,,,,,,,,,,,,0,0
238302041,,,,,,,,,,,,0,0
238302041,,,,,,,,,,,,0,0
238302041,,,,,,,,,,,,0,0
238302041,,,,,,,,,,,,0,0
238302041,,,,,,,,,,,,0,0
238302041,,,,,,,,,,,,0,0
238302041,,,,,,,,,,,,0,0
238302041,,,,,,,,,,,,0,0
238302041,,,,,,,,,,,,0,0
238302041,,,,,,,,,,,,0,0
238302041,,,,,,,,,,,,0,0
238302041,,,,,,,,,,,,0,0
238302041,,,,,,,,,,,,0,0
238302057,,,,,,,,,,,,0,0
238302057,,,,,,,,,,,,0,0
238302057,,,,,,,,,,,,0,0
238302057,,,,,,,,,,,,0,0
238302057,,,,,,,,,,,,0,0
238302057,,,,,,,,,,,,0,0
238302057,,,,,,,,,,,,0,0
238302057,,,,,,,,,,,,0,0
238302057,,,,,,,,,,,,0,0
238302057,,,,,,,,,,,,0,0
238302057,,,,,,,,,,,,0,0
238302057,,,,,,,,,,,,0,0
238302057,,,,,,,,,,,,0,0
238302057,,,,,,,,,,,,0,0
238302057,,,,,,,,,,,,0,0
238302072,,,,,,,,,,,,0,0
238302072,,,,,,,,,,,,0,0
238302072,,,,,,,,,,,,0,0
238302072,,,,,,,,,,,,0,0
238302072,,,,,,,,,,,,0,0
238302072,,,,,,,,,,,,0,0
238302072,,,,,,,,,,,,0,0
238302072,,,,,,,,,,,,0,0
238302072,,,,,,,,,,,,0,0
238302072,,,,,,,,,,,,0,0
238302072,,,,,,,,,,,,0,0
238302072,,,,,,,,,,,,0,0
238302072,,,,,,,,,,,,0,0
238302072,,,,,,,,,,,,0,0
238302072,,,,,,,,,,,,0,0
238302072,,,,,,,,,,,,0,0
238302088,,,,,,,,,,,,0,0
238302088,,,,,,,,,,,,0,0
238302088,,,,,,,,,,,,0,0
238302088,,,,,,,,,,,,0,0
238302088,,,,,,,,,,,,0,0
238302088,,,,,,,,,,,,0,0
238302088,,,,,,,,,,,,0,0
238302088,,,,,,,,,,,,0,0
238302088,,,,,,,,,,,,0,0
238302088,,,,,,,,,,,,0,0
238302088,,,,,,,,,,,,0,0
238302088,,,,,,,,,,,,0,0
238302088,,,,,,,,,,,,0,0
238302088,,,,,,,,,,,,0,0
238302088,,,,,,,,,,,,0,0
238302088,,,,,,,,,,,,0,0
238302104,,,,,,,,,,,,0,0
238302104,,,,,,,,,,,,0,0
238302104,,,,,,,,,,,,0,0
238302104,,,,,,,,,,,,0,0
238302104,,,,,,,,,,,,0,0
238302104,,,,,,,,,,,,0,0
238302104,,,,,,,,,,,,0,0
238302104,,,,,,,,,,,,0,0
238302104,,,,,,,,,,,,0,0
238302104,,,,,,,,,,,,0,0
238302104,,,,,,,,,,,,0,0
238302104,,,,,,,,,,,,0,0
238302104,,,,,,,,,,,,0,0
238302104,,,,,,,,,,,,0,0
238302104,,,,,,,,,,,,0,0
238302119,,,,,,,,,,,,0,0
238302119,,,,,,,,,,,,0,0
238302119,,,,,,,,,,,,0,0
238302119,,,,,,,,,,,,0,0
238302119,,,,,,,,,,,,0,0
238302119,,,,,,,,,,,,0,0
238302119,,,,,,,,,,,,0,0
238302119,,,,,,,,,,,,0,0
238302119,,,,,,,,,,,,0,0
238302119,,,,,,,,,,,,0,0
238302119,,,,,,,,,,,,0,0
238302119,,,,,,,,,,,,0,0
238302119,,,,,,,,,,,,0,0
238302119,,,,,,,,,,,,0,0
238302119,,,,,,,,,,,,0,0
238302135,,,,,,,,,,,,0,0
238302135,,,,,,,,,,,,0,0
238302135,,,,,,,,,,,,0,0
238302135,,,,,,,,,,,,0,0
238302135,,,,,,,,,,,,0,0
238302135,,,,,,,,,,,,0,0
238302135,,,,,,,,,,,,0,0
238302135,,,,,,,,,,,,0,0
238302135,,,,,,,,,,,,0,0
238302135,,,,,,,,,,,,0,0
238302135,,,,,,,,,,,,0,0
238302135,,,,,,,,,,,,0,0
238302135,,,,,,,,,,,,0,0
238302135,,,,,,,,,,,,0,0
238302135,,,,,,,,,,,,0,0
238302150,,,,,,,,,,,,0,0
238302150,,,,,,,,,,,,0,0
238302150,,,,,,,,,,,,0,0
238302150,,,,,,,,,,,,0,0
238302150,,,,,,,,,,,,0,0
238302150,,,,,,,,,,,,0,0
238302150,,,,,,,,,,,,0,0
238302150,,,,,,,,,,,,0,0
238302150,,,,,,,,,,,,0,0
238302150,,,,,,,,,,,,0,0
238302150,,,,,,,,,,,,0,0
238302150,,,,,,,,,,,,0,0
238302150,,,,,,,,,,,,0,0
238302150,,,,,,,,,,,,0,0
238302150,,,,,,,,,,,,0,0
238302166,,,,,,,,,,,,0,0
238302166,,,,,,,,,,,,0,0
238302166,,,,,,,,,,,,0,0
238302166,,,,,,,,,,,,0,0
238302166,,,,,,,,,,,,0,0
238302166,,,,,,,,,,,,0,0
238302166,,,,,,,,,,,,0,0
238302166,,,,,,,,,,,,0,0
238302166,,,,,,,,,,,,0,0
238302166,,,,,,,,,,,,0,0
238302166,,,,,,,,,,,,0,0
238302166,,,,,,,,,,,,0,0
238302166,,,,,,,,,,,,0,0
238302166,,,,,,,,,,,,0,0
238302166,,,,,,,,,,,,0,0
238302166,,,,,,,,,,,,0,0
238302182,,,,,,,,,,,,0,0
238302182,,,,,,,,,,,,0,0
238302182,,,,,,,,,,,,0,0
238302182,,,,,,,,,,,,0,0
238302182,,,,,,,,,,,,0,0
238302182,,,,,,,,,,,,0,0
238302182,,,,,,,,,,,,0,0
238302182,,,,,,,,,,,,0,0
238302182,,,,,,,,,,,,0,0
238302182,,,,,,,,,,,,0,0
238302182,,,,,,,,,,,,0,0
238302182,,,,,,,,,,,,0,0
238302182,,,,,,,,,,,,0,0
238302182,,,,,,,,,,,,0,0
238302197,,,,,,,,,,,,0,0
238302197,,,,,,,,,,,,0,0
238302197,,,,,,,,,,,,0,0
238302197,,,,,,,,,,,,0,0
238302197,,,,,,,,,,,,0,0
238302197,,,,,,,,,,,,0,0
238302197,,,,,,,,,,,,0,0
238302197,,,,,,,,,,,,0,0
238302197,,,,,,,,,,,,0,0
238302197,,,,,,,,,,,,0,0
238302197,,,,,,,,,,,,0,0
238302197,,,,,,,,,,,,0,0
238302197,,,,,,,,,,,,0,0
238302197,,,,,,,,,,,,0,0
238302197,,,,,,,,,,,,0,0
238302197,,,,,,,,,,,,0,0
238302213,,,,,,,,,,,,0,0
238302213,,,,,,,,,,,,0,0
238302213,,,,,,,,,,,,0,0
238302213,,,,,,,,,,,,0,0
238302213,,,,,,,,,,,,0,0
238302213,,,,,,,,,,,,0,0
238302213,,,,,,,,,,,,0,0
238302213,,,,,,,,,,,,0,0
238302213,,,,,,,,,,,,0,0
238302213,,,,,,,,,,,,0,0
238302213,,,,,,,,,,,,0,0
238302213,,,,,,,,,,,,0,0
238302213,,,,,,,,,,,,0,0
238302213,,,,,,,,,,,,0,0
238302213,,,,,,,,,,,,0,0
238302228,,,,,,,,,,,,0,0
238302228,,,,,,,,,,,,0,0
238302228,,,,,,,,,,,,0,0
238302228,,,,,,,,,,,,0,0
238302228,,,,,,,,,,,,0,0
238302228,,,,,,,,,,,,0,0
238302228,,,,,,,,,,,,0,0
238302228,,,,,,,,,,,,0,0
238302228,,,,,,,,,,,,0,0
238302228,,,,,,,,,,,,0,0
238302228,,,,,,,,,,,,0,0
238302228,,,,,,,,,,,,0,0
238302228,,,,,,,,,,,,0,0
238302228,,,,,,,,,,,,0,0
238302228,,,,,,,,,,,,0,0
238302228,,,,,,,,,,,,0,0
238302244,,,,,,,,,,,,0,0
238302244,,,,,,,,,,,,0,0
238302244,,,,,,,,,,,,0,0
238302244,,,,,,,,,,,,0,0
238302244,,,,,,,,,,,,0,0
238302244,,,,,,,,,,,,0,0
238302244,,,,,,,,,,,,0,0
238302244,,,,,,,,,,,,0,0
238302244,,,,,,,,,,,,0,0
238302244,,,,,,,,,,,,0,0
238302244,,,,,,,,,,,,0,0
238302244,,,,,,,,,,,,0,0
238302244,,,,,,,,,,,,0,0
238302244,,,,,,,,,,,,0,0
238302244,,,,,,,,,,,,0,0
238302244,,,,,,,,,,,,0,0
238302260,,,,,,,,,,,,0,0
238302260,,,,,,,,,,,,0,0
238302260,,,,,,,,,,,,0,0
238302260,,,,,,,,,,,,0,0
238302260,,,,,,,,,,,,0,0
238302260,,,,,,,,,,,,0,0
238302260,,,,,,,,,,,,0,0
238302260,,,,,,,,,,,,0,0
238302260,,,,,,,,,,,,0,0
238302260,,,,,,,,,,,,0,0
238302260,,,,,,,,,,,,0,0
238302260,,,,,,,,,,,,0,0
238302260,,,,,,,,,,,,0,0
238302260,,,,,,,,,,,,0,0
238302260,,,,,,,,,,,,0,0
238302275,,,,,,,,,,,,0,0
238302275,,,,,,,,,,,,0,0
238302275,,,,,,,,,,,,0,0
238302275,,,,,,,,,,,,0,0
238302275,,,,,,,,,,,,0,0
238302275,,,,,,,,,,,,0,0
238302275,,,,,,,,,,,,0,0
238302275,,,,,,,,,,,,0,0
238302275,,,,,,,,,,,,0,0
238302275,,,,,,,,,,,,0,0
238302275,,,,,,,,,,,,0,0
238302275,,,,,,,,,,,,0,0
